00559,https://www.fool.com/archive/dripport/1999/12/01/drip-port-takes-stock.aspx
00559,https://www.fool.com/archive/dripport/1999/12/07/jampj-a-little-melted.aspx
00559,https://www.fool.com/archive/dripport/1999/12/08/direct-investing-redefined.aspx
00559,https://www.fool.com/archive/dripport/1999/12/10/food-study-choked-up.aspx
00559,https://www.fool.com/archive/dripport/1999/12/14/what-is-retirement.aspx
00559,https://www.fool.com/archive/dripport/1999/12/15/gifts-that-keep-giving.aspx
00559,https://www.fool.com/archive/dripport/1999/12/21/are-small-shareholders-unwanted.aspx
00559,https://www.fool.com/archive/dripport/1999/12/22/a-time-to-give.aspx
00559,https://www.fool.com/archive/dripport/1999/12/28/drip-port-and-investing-limbo.aspx
00559,https://www.fool.com/archive/dripport/1999/12/29/things-to-adhere-to-in-2000.aspx
00559,https://www.fool.com/archive/dripport/1999/12/31/2000-arrives-can-we-reach-our-goal.aspx
00559,https://www.fool.com/archive/dripport/2000/01/03/building-wealth-like-a-fool.aspx
00559,https://www.fool.com/archive/dripport/2000/01/04/in-store-for-2000.aspx
00559,https://www.fool.com/archive/dripport/2000/01/05/slow-down-fool.aspx
00559,https://www.fool.com/archive/dripport/2000/01/11/building-value-with-sharebuilder.aspx
00559,https://www.fool.com/archive/dripport/2000/01/12/intel-previewed.aspx
00559,https://www.fool.com/archive/dripport/2000/01/18/stock-strategies-abound.aspx
00559,https://www.fool.com/archive/dripport/2000/01/19/intel-reviewed.aspx
00559,https://www.fool.com/archive/dripport/2000/01/21/mellon-good-company-at-a-good-price.aspx
00559,https://www.fool.com/archive/dripport/2000/01/25/jampj-ends-a-strong-1999.aspx
00559,https://www.fool.com/archive/dripport/2000/01/26/the-fools-now-50-index.aspx
00559,https://www.fool.com/archive/dripport/2000/01/28/a-wise-miscall-on-intel.aspx
00559,https://www.fool.com/archive/dripport/2000/02/01/a-non-investors-retirement-guide.aspx
00559,https://www.fool.com/archive/dripport/2000/02/02/food-stocks-distasteful.aspx
00559,https://www.fool.com/archive/dripport/2000/02/18/campbell-soup-perks-up.aspx
00559,https://www.fool.com/archive/dripport/2000/02/25/mistakes-weve-made.aspx
00559,https://www.fool.com/archive/dripport/2000/03/08/usa-the-computer-nation.aspx
00559,https://www.fool.com/archive/dripport/2000/03/10/monster-companies.aspx
00559,https://www.fool.com/archive/dripport/2000/03/15/online-drip-account-access.aspx
00559,https://www.fool.com/archive/dripport/2000/03/17/jampjs-drugs.aspx
00559,https://www.fool.com/archive/dripport/2000/03/22/intels-acquisition-spree.aspx
00559,https://www.fool.com/archive/dripport/2000/03/23/canned-by-campbell.aspx
00559,https://www.fool.com/archive/dripport/2000/03/24/jampj-pummeled-by-propulsid.aspx
00559,https://www.fool.com/archive/dripport/2000/03/29/the-rushing-of-america.aspx
00559,https://www.fool.com/archive/dripport/2000/03/31/jampj-in-b2b.aspx
00559,https://www.fool.com/archive/dripport/2000/04/05/its-almost-tax-time.aspx
00559,https://www.fool.com/archive/dripport/2000/04/07/drip-ports-visit-to-intel.aspx
00559,https://www.fool.com/archive/dripport/2000/04/24/when-to-sell.aspx
00559,https://www.fool.com/archive/dripport/2000/04/28/intel-sows-its-silicon-farm.aspx
00559,https://www.fool.com/archive/dripport/2000/05/05/the-foolishness-of-doing-nothing.aspx
00559,https://www.fool.com/archive/dripport/2000/05/10/pepsi-flows-wrigley-sticks.aspx
00559,https://www.fool.com/archive/dripport/2000/05/12/pepsis-and-wrigleys-cash-king-margin.aspx
00559,https://www.fool.com/archive/dripport/2000/05/19/why-arent-you-eating-soup.aspx
00559,https://www.fool.com/archive/dripport/2000/05/24/why-you-arent-eating-soup.aspx
00559,https://www.fool.com/archive/dripport/2000/05/26/pepsi-is-70-frito-lay.aspx
00559,https://www.fool.com/archive/dripport/2000/05/31/can-pepsi-beat-the-sampp-500.aspx
00559,https://www.fool.com/archive/dripport/2000/06/07/tell-drip-port-what-to-buy.aspx
00559,https://www.fool.com/archive/dripport/2000/06/09/whats-pepsi-worth.aspx
00559,https://www.fool.com/archive/dripport/2000/06/14/is-pepsi-a-rule-maker.aspx
00559,https://www.fool.com/archive/dripport/2000/06/16/will-pepsi-be-a-rule-maker.aspx
00559,https://www.fool.com/archive/dripport/2000/06/23/your-food-amp-beverage-pick.aspx
00559,https://www.fool.com/archive/dripport/2000/06/28/could-pepsi-be-your-next-coke.aspx
00559,https://www.fool.com/archive/dripport/2000/06/30/early-money-forms-foundations.aspx
00559,https://www.fool.com/archive/dripport/2000/07/12/drip-port-to-buy-pepsico.aspx
00559,https://www.fool.com/archive/dripport/2000/07/13/drip-port-wants-to-improve.aspx
00559,https://www.fool.com/archive/dripport/2000/07/14/buy-what-you-know-is-too-simple.aspx
00559,https://www.fool.com/archive/dripport/2000/07/19/how-well-buy-pepsi.aspx
00559,https://www.fool.com/archive/dripport/2000/07/21/record-results-at-intel-jampj-and-mellon.aspx
00559,https://www.fool.com/archive/dripport/2000/07/25/drip-port-changes.aspx
00559,https://www.fool.com/archive/dripport/2000/07/28/drip-portfolio-celebrates-three-years.aspx
00559,https://www.fool.com/archive/dripport/2000/08/10/easing-into-pepsi.aspx
00559,https://www.fool.com/archive/dripport/2000/08/23/campbell-soup-on-the-bubble.aspx
00559,https://www.fool.com/archive/dripport/2000/08/30/the-secret-of-our-success.aspx
00559,https://www.fool.com/archive/dripport/2000/08/31/wanted-25-annual-growth.aspx
00559,https://www.fool.com/archive/dripport/2000/09/12/high-growth-companies.aspx
00559,https://www.fool.com/archive/dripport/2000/09/13/our-high-growth-criteria.aspx
00559,https://www.fool.com/archive/dripport/2000/09/14/our-high-growth-criteria-part-2.aspx
00559,https://www.fool.com/archive/dripport/2000/09/21/making-the-high-growth-cut.aspx
00559,https://www.fool.com/archive/dripport/2000/09/26/after-intels-fall.aspx
00559,https://www.fool.com/archive/dripport/2000/09/28/high-growth-semi-finalists.aspx
00559,https://www.fool.com/archive/dripport/2000/10/11/profits-pop-at-pepsi.aspx
00559,https://www.fool.com/archive/dripport/2000/10/12/intel-and-jampj-previews.aspx
00559,https://www.fool.com/archive/dripport/2000/10/17/jampj-for-what-ails-ya.aspx
00559,https://www.fool.com/archive/dripport/2000/10/18/buying-more-intel.aspx
00559,https://www.fool.com/archive/dripport/2000/10/24/intel-amd-could-coexist.aspx
00559,https://www.fool.com/archive/dripport/2000/10/26/retire-at-any-age.aspx
00559,https://www.fool.com/archive/dripport/2000/11/07/the-hunt-for-high-growth.aspx
00559,https://www.fool.com/archive/dripport/2000/11/08/new-tracking-method.aspx
00559,https://www.fool.com/archive/dripport/2000/11/14/advantages-of-drips.aspx
00559,https://www.fool.com/archive/dripport/2000/11/15/a-foolish-investing-game.aspx
00559,https://www.fool.com/archive/dripport/2000/11/16/zeroing-in-on-high-growth.aspx
00559,https://www.fool.com/archive/dripport/2000/11/21/high-growth-study-continues.aspx
00559,https://www.fool.com/archive/dripport/2000/11/28/why-were-keeping-campbell-soup.aspx
00559,https://www.fool.com/archive/dripport/2000/12/14/two-strong-growth-companies.aspx
00559,https://www.fool.com/archive/dripport/2000/12/21/amazon-dropped-from-study.aspx
00559,https://www.fool.com/archive/dripport/2000/12/26/fools-share-their-blessings.aspx
00559,https://www.fool.com/archive/dripport/2000/12/28/buying-at-good-prices.aspx
00559,https://www.fool.com/archive/dripport/2001/01/10/drip-ports-purpose.aspx
00559,https://www.fool.com/archive/dripport/2001/01/17/not-so-uncertain-about-intel.aspx
00559,https://www.fool.com/archive/dripport/2001/01/18/intels-got-risks-too.aspx
00559,https://www.fool.com/archive/dripport/2001/02/15/high-growth-study-update.aspx
00559,https://www.fool.com/archive/dripport/2001/02/22/updates-on-campbell-soup-and-intel.aspx
00559,https://www.fool.com/archive/dripport/2001/02/27/palm-vs-handspring.aspx
00559,https://www.fool.com/archive/dripport/2001/02/28/questioning-intels-future.aspx
00559,https://www.fool.com/archive/dripport/2001/03/07/shaking-palms-hand-good-bye.aspx
00559,https://www.fool.com/archive/dripport/2001/03/14/invest-in-your-knowledge.aspx
00559,https://www.fool.com/archive/dripport/2001/03/15/two-more-high-growth-contenders.aspx
00559,https://www.fool.com/archive/dripport/2001/03/22/reassessing-your-decisions.aspx
00559,https://www.fool.com/archive/dripport/2001/03/28/bored-by-buffett.aspx
